2-ag	1
25-hydroxycholecalciferol	2
3-hydroxyacyl-coa	2
3-hydroxykynurenine	1
3-ketoacyl-coa	2
3-ketosphinganine	2
3-phosphoglycerate	1
3-phosphohydroxypyruvate	1
3-phosphoserine	1
4-hydroxybenzoate	2
4-hydroxyphenylpyruvate	2
4-prime-phosphopantothenate	2
5-10-methylene-tetrahydrofolate	1
5-htp	2
5-hydroxyindoleacetaldehyde	1
5-hydroxytryptophan	2
5-methyl-tetrahydrofolate	1
5ht-receptor-activation	2
6-hydroxywarfarin	1
6-phosphogluconolactone	2
7-8-dihydroneopterin-triphosphate	2
7-dehydrocholesterol	1
7-hydroxywarfarin	1
7alpha-hydroxycholesterol	3
acetoacetyl-coa	2
acetyl-coa	9
acetylcholine-release	2
acetylcholine-release-at-nmj	1
acyl-carnitine	2
adaptogen-extract	1
adenylate-cyclase-activation	3
adenylyl-cyclase-inhibition	1
adp-release	1
adrenergic-receptor-activation	2
akt-activation	2
alpha-aminoadipate	1
alpha-beta-receptor-activation	1
alpha-keto-3-methylvalerate	1
alpha-ketoglutarate	3
alpha-ketoisocaproate	2
alpha-ketoisovalerate	1
alpha-linolenic-acid	1
alpha-msh	3
alpha-tocopherol	1
alveolar-gas-phase	1
aminolevulinic-acid	2
ampa-fast-epsp	1
ampa-positive-modulation	1
analog-triphosphate	2
androgen-receptor-activation	1
angiotensin-i	2
angiotensin-ii	2
antiinflammatory-gene-transcription	1
antimicrobial-or-cosmetic-effect	1
antioxidant-gene-transcription	1
apoptosis-mitotic-catastrophe	1
aqueous-humor	1
aqueous-humor-production	1
arachidonic-acid	4
arachidonic-acid-glycerol	1
arylamine-or-hydrazide	1
avp-release	2
bacterial-dna-replication	1
bacterial-dna-supercoiling	1
bacterial-ribosome	1
bax-bak-activation	2
beta-alanine	1
beta-carotene	1
beta-hydroxybutyrate	3
biotinyl-apocarboxylase	1
bone-resorption	1
c3-convertase	2
c3a-c3b	1
c5-convertase	2
calcitriol-synthesis	1
carbamoyl-phosphate	4
caspase-1	1
caspase-1-activation	2
ccd-fine-tuning	1
cellular-dna	1
cellular-nucleotide-pool	1
cgmp-elevation	2
cgmp-rise	3
cgrp-release	2
chenodeoxycholic-acid	1
cholic-acid	1
choline-acetate	1
chronic-psychophysical-stress	1
ciliary-body	1
circulating-ldl	1
cns-bdnf-modulation	1
coenzyme-q10	4
cognitive-peptide-intranasal	1
conjugated-bilirubin	2
coproporphyrinogen-iii	2
corneocyte-shedding	1
cortisol-or-synthetic-glucocorticoid	1
creb-phosphorylation	1
crh-suppression	1
ctla-4-b7-binding	1
cyclic-gmp	1
cyclin-d-cdk4-6	2
cysteine-sulfinic-acid	2
cysteinyl-leukotrienes	1
cytochrome-c	2
cytochrome-c-release	2
cytokine-ligand	1
cytokine-receptor-activation	1
cytokine-receptor-engagement	1
cytosolic-calcium-rise	1
d-ala-d-ala-terminus	1
danger-signal	1
dct-reabsorption	2
death-signal-intrinsic	1
detrusor-b3-activation	1
detrusor-contraction	1
detrusor-m3-activation	1
detrusor-relaxation	1
dietary-iron	1
dietary-nucleoside	1
dna-damage	2
docosahexaenoic-acid	2
dopamine-receptor-activation	2
downstream-phosphorylation	1
e2f-release	2
ecm-gene-transcription	1
eicosapentaenoic-acid	3
electron-transport-leak	1
endocannabinoid-release	2
endothelin-1	1
enoyl-coa	2
enterocyte-iron	2
enterocyte-or-blocked	1
enzyme-cofactor-incorporation	1
epo-vegf-glycolytic-transcription	1
erythroblast-iron	1
estradiol-3-sulfate	1
estrogen-glucuronides	1
executioner-caspase-activation	1
factor-viia	2
factor-xa	3
factor-xii	1
fatty-acyl-coa	1
fibrin-degradation-products	1
flu-virion-release	1
folic-acid	1
fructose-1-6-bisphosphate	4
fructose-1-phosphate	2
fructose-6-phosphate	2
fumarate-acetoacetate	1
fungal-beta-glucan	1
gaba-a-receptor-activation	2
gaba-b-receptor-activation	4
galactose-1-phosphate	2
gamma-glutamylcysteine	2
gastric-hcl-secretion	1
gi-go-activation	3
gi-meal-signals	1
gi-motility-or-secretion	1
gi-peptide-release	1
glomerular-filtrate	1
glucosamine-6-phosphate	3
glucose-1-phosphate	4
glucose-6-phosphate	5
glucuronide-conjugate	1
glutathione-conjugate	1
glutathione-disulfide	2
glyceraldehyde-3-phosphate	1
glyceraldehyde-dhap	2
glycerol-3-phosphate	1
glycine-acetylcoa	1
glycine-and-arginine	1
gnrh-release	2
gpiib-iiia-binding	1
gr-activation-translocation	2
gs-coupled-receptor-activation	1
gut-luminal-antigens	1
gut-receptor-stimulation	1
h-k-atpase-activation	2
h1-mediated-allergic-symptoms	1
hcv-nonstructural-proteins	1
hcv-polyprotein	1
hcv-rna	1
hcv-rna-replication	1
hepatic-igf-1	1
hepatic-internalization	1
hepatocyte-drug	1
hif-alpha-hydroxylated	2
hif-alpha-protein	1
hif-alpha-stabilized	1
hiv-dna	2
hiv-polyprotein	1
hiv-rna	1
hmg-coa	4
homogentisic-acid	2
homovanillic-acid	1
hpa-axis-dysregulation	1
hydrogen-peroxide	2
igf-1	1
ikb-degradation	2
ikk-activation	2
il-1beta-secretion	1
imidazole-acetaldehyde	1
inactive-24-hydroxy	1
inflammatory-cytokines	1
injury-tissue-stress	1
innate-immune-activation	1
inosine-monophosphate	3
inositol-trisphosphate	2
intermittent-pth	1
jak-activation	2
k-channel-opening-ca-closing	1
keap1-cysteine-modification	1
keratinocyte-basal	1
kynurenic-acid	1
l-arginine	4
l-carnitine	1
l-histidine	1
l-type-calcium-influx	2
l-tyrosine	1
ldl-receptor	1
leukotriene-a4	3
leukotriene-b4	1
lh-fsh-release	1
lipid-peroxyl-radical	1
lipophilic-drug	1
long-chain-acyl-coa	1
low-plasma-calcium	1
lumenal-drug	1
lysosomal-degradation	1
mac-c5b-9	1
malonyl-coa	2
mature-virion	1
mc1r-melanogenesis	1
mc4r-appetite-suppression	1
mdp-secretion	1
mediator-release	1
membrane-depolarization	1
membrane-disruption-or-receptor-signal	1
meningeal-vasodilation	1
mineral-uptake	1
mitochondrial-acyl-carnitine	2
mitochondrial-acyl-coa	1
mitochondrial-stress	1
mitogen-signaling	1
monoamine-reuptake-blockade-or-receptor-modulation	1
monoaminergic-arousal	1
mtorc1-activation	2
mucosal-immune-activation	1
muscarinic-activation	1
muscle-fiber-action-potential	1
mycobacterial-mrna	1
mycobacterial-rna-polymerase	1
mycolic-acid	1
mycolic-acid-precursor	1
n-acetyl-conjugate	1
n-formylkynurenine	2
n-methylhistamine	1
na-channel-inactivation	1
na-channel-opening	2
nad-plus	3
neuronal-hyperpolarization	1
neuronal-inhibition	1
neurotransmitter-release	1
nfkb-nuclear	2
nicotinamide-adenine-dinucleotide	2
nicotine-n-oxide	1
nicotinic-acid	1
nicotinic-acid-mononucleotide	1
nitric-oxide	5
nlrp3-activation	2
nlrp3-pro-il1b-upregulated	1
nmda-ca-influx	1
norepinephrine-release	2
normalized-hpa-output	1
noxious-or-thermal-stimulus	1
nrf2-stabilization	1
nucleoside-analog	1
nutrient-stress-or-rapamycin	1
opioid-receptor-agonist	1
orexin-release	2
osmotic-or-hypovolemic-stimulus	1
osteoblast-activation	1
osteoblast-suppression	1
osteoclast-activation	1
osteocyte-sclerostin	1
oxidative-or-electrophilic-stress	1
oxidized-metabolite	1
oxidized-or-parent-drug	2
palmitoyl-coa	1
parasite-clearance	1
parasite-targets	1
parasympathetic-activation	1
parietal-cell-stimulation	1
pattern-recognition	1
pd-1-pd-l1-binding	1
peptide-elongation	1
peptidoglycan-crosslink	1
phagophore-nucleation	2
phase-0-depolarization	1
phase-1-early-repolarization	2
phase-2-plateau	2
phase-3-repolarization	2
phase-4-resting	1
phosphatidic-acid	2
phosphatidylinositol-4-5-bisphosphate	1
phosphoribosyl-pyrophosphate	1
pi3k-activation	2
pituitary-gh-release	2
pka-activation	2
plasma-iron	2
platelet-activation	4
polyprenyl-pyrophosphate	1
polyubiquitinated-k48	2
portal-blood-drug	1
postsynaptic-depolarization	1
presynaptic-cb1	1
presynaptic-vesicle-pool	1
prostaglandin-e2	1
prostaglandin-h2	4
proteasomal-peptides	1
protein-synthesis	1
proton-gradient	1
protoporphyrin-ix	2
proviral-integration	1
pt-reabsorption	2
pth-release	4
pyridoxal-5-phosphate	1
quinolinic-acid	2
rar-rxr-binding	1
rar-rxr-heterodimer-activation	1
rb-phosphorylation	2
reactive-metabolite	1
recycling-or-degradation	1
reduced-camp	1
reduced-muscle-tone	1
reduced-neurotransmitter-release	1
renal-calcium-reabsorption	1
renal-water-reabsorption	1
repair-peptide-signaling	1
resolvin-d1	1
resolvin-e1	1
retinoic-acid	4
ribose-5-phosphate	1
ribulose-5-phosphate	2
s-adenosylhomocysteine	2
s-adenosylmethionine	2
s-phase-entry	1
sarm-binding	1
sars-cov-2-functional-proteins	1
sars-cov-2-polyprotein	1
sialic-acid-on-cell-surface	1
sirtuin-activation	1
smad2-3-4-complex-nuclear	2
smad2-smad3-phosphorylation	2
smooth-muscle-relaxation	1
spinal-reflex-arc	1
stat-dimer-nuclear	2
stat-phosphorylation	2
substrate-protein	1
succinyl-coa	3
sulfate-conjugate	1
sympathetic-activation	1
synaptic-monoamine-elevation	1
systemic-equilibration	1
t-cell-exhaustion	1
t-cell-priming-suppression	1
tal-reabsorption	2
tgf-beta-ligand	1
tgfbr1-tgfbr2-activation	2
thiamine-pyrophosphate	1
thrombin-par1	1
thromboxane-a2	1
tissue-factor	1
tissue-selective-ar-activation	1
tlr-priming-signal	1
tmn-arousal	1
tnf-alpha	1
tocopheryl-radical	2
trabecular-meshwork-outflow	1
trans-3-hydroxycotinine	1
trigeminal-sensory-afferent	1
trimethylamine-n-oxide	1
trp-channel-activation	1
txa2-release	1
tyrosine-kinase-active	1
udp-glcnac	1
udp-glucose	2
ulk1-activation	2
unconjugated-bilirubin	2
urethral-a1a-activation	1
urethral-contraction	1
uric-acid	1
vhl-degradation	1
viral-rna-dna-chain-termination	1
vitamin-k-epoxide	2
vitamin-k-hydroquinone	2