perpetrator,enzyme,victim,ki_uM,source_pmid,outcome
"bergamottin","CYP3A4","simvastatin","34","PMID:15285845","already"
"clarithromycin","CYP3A4","simvastatin","0.33","PMID:15518608","already"
"clarithromycin","CYP3A4","midazolam","0.5","PMID:9728893","already"
"clarithromycin","CYP3A4","triazolam","0.9","PMID:9757151","already"
"clarithromycin","CYP3A4","atorvastatin","1.2","PMID:21950641","already"
"clarithromycin","CYP3A4","colchicine","1.1","PMID:21480191","already"
"cobicistat","CYP3A4","midazolam","0.079","PMID:20043009","already"
"diltiazem","CYP3A4","simvastatin","0.087","PMID:10741630","already"
"diltiazem","CYP3A4","buspirone","0.111","PMID:9663178","already"
"diltiazem","CYP3A4","midazolam","0.182","PMID:8198928","already"
"diltiazem","CYP3A4","lovastatin","0.195","PMID:9797793","already"
"erythromycin","CYP3A4","simvastatin","1.06","PMID:9728898","already"
"erythromycin","CYP3A4","midazolam","1.67","PMID:8453848","already"
"erythromycin","CYP3A4","triazolam","1.6","PMID:9757151","already"
"erythromycin","CYP3A4","sildenafil","1.7","PMID:11879258","already"
"erythromycin","CYP3A4","alfentanil","8.8","PMID:2501060","already"
"gemfibrozil","CYP2C8","simvastatin","35","PMID:16299161","already"
"gemfibrozil","CYP2C8","repaglinide","7","PMID:12687332","already"
"gemfibrozil","CYP2C8","cerivastatin","7.62","PMID:12496749","already"
"gemfibrozil","CYP2C8","montelukast","10.6","PMID:21838784","already"
"gemfibrozil","CYP2C8","pioglitazone","15.9","PMID:15900286","already"
"gemfibrozil","CYP2C8","rosiglitazone","26.9","PMID:12898007","already"
"gemfibrozil","CYP2C8","loperamide","29.2","PMID:16758263","already"
"paroxetine","CYP2D6","metoprolol","0.05","PMID:10741632","already"
"paroxetine","CYP2D6","atomoxetine","0.15","PMID:33245517","already"
"paroxetine","CYP2D6","desipramine","0.05","PMID:8513845","already"
"paroxetine","CYP2D6","risperidone","0.44","PMID:11360029","already"
"paroxetine","CYP2D6","aripiprazole","0.15","PMID:21739267","already"
"paroxetine","CYP2D6","tramadol","0.54","PMID:15903129","already"
"paroxetine","CYP2D6","carvedilol","0.133","PMID:20705902","already"
"ritonavir","CYP3A4","atorvastatin","0.6","PMID:19667285","already"
"ritonavir","CYP3A4","simvastatin","0.26","PMID:11873000","already"
"ritonavir","CYP3A4","tacrolimus","0.14","PMID:25708713","already"
"ritonavir","CYP3A4","midazolam","0.11","PMID:20002087","already"
"ritonavir","CYP3A4","sildenafil","0.5","PMID:10930961","already"
"ritonavir","CYP3A4","alprazolam","1","PMID:10801241","already"
"ritonavir","CYP3A4","fentanyl","0.75","PMID:10485779","already"
"ritonavir","CYP3A4","amlodipine","1.56","PMID:33452585","already"
"verapamil","CYP3A4","simvastatin","0.09","PMID:9728898","already"
"verapamil","CYP3A4","buspirone","0.208","PMID:9663178","already"
"verapamil","CYP3A4","midazolam","0.26","PMID:8198928","already"
