2-ag	2-AG
25-hydroxycholecalciferol	25-hydroxycholecalciferol
3-hydroxyacyl-coa	3-hydroxyacyl-CoA
3-hydroxykynurenine	3-hydroxykynurenine
3-ketoacyl-coa	3-ketoacyl-CoA
3-ketosphinganine	3-ketosphinganine
3-phosphoglycerate	3-phosphoglycerate
3-phosphohydroxypyruvate	3-phosphohydroxypyruvate
3-phosphoserine	3-phosphoserine
4-hydroxybenzoate	4-hydroxybenzoate
4-hydroxyphenylpyruvate	4-hydroxyphenylpyruvate
4-prime-phosphopantothenate	4'-phosphopantothenate
5-10-methylene-tetrahydrofolate	5,10-methylene-tetrahydrofolate
5-htp	5-HTP
5-hydroxyindoleacetaldehyde	5-hydroxyindoleacetaldehyde
5-hydroxytryptophan	5-hydroxytryptophan
5-methyl-tetrahydrofolate	5-methyltetrahydrofolate
5ht-receptor-activation	5-HT receptor activation
6-hydroxywarfarin	6-hydroxywarfarin
6-phosphogluconolactone	6-phosphogluconolactone
7-8-dihydroneopterin-triphosphate	7,8-dihydroneopterin triphosphate
7-dehydrocholesterol	7-dehydrocholesterol
7-hydroxywarfarin	7-hydroxywarfarin
7alpha-hydroxycholesterol	7α-hydroxycholesterol
acetoacetyl-coa	acetoacetyl-CoA
acetyl-coa	acetyl-CoA
acetylcholine-release	acetylcholine release
acetylcholine-release-at-nmj	acetylcholine release at NMJ
acyl-carnitine	acyl carnitine
adaptogen-extract	adaptogen extract
adenylate-cyclase-activation	adenylate cyclase activation
adenylyl-cyclase-inhibition	adenylyl cyclase inhibition
adp-release	ADP release
adrenergic-receptor-activation	adrenergic receptor activation
akt-activation	AKT activation
alpha-aminoadipate	α-aminoadipate
alpha-beta-receptor-activation	α/β receptor activation
alpha-keto-3-methylvalerate	α-keto-3-methylvalerate
alpha-ketoglutarate	α-ketoglutarate
alpha-ketoisocaproate	α-ketoisocaproate
alpha-ketoisovalerate	α-ketoisovalerate
alpha-linolenic-acid	α-linolenic acid
alpha-msh	α-MSH
alpha-tocopherol	α-tocopherol
alveolar-gas-phase	alveolar gas phase
aminolevulinic-acid	aminolevulinic acid
ampa-fast-epsp	AMPA fast EPSP
ampa-positive-modulation	AMPA positive modulation
analog-triphosphate	analog triphosphate
androgen-receptor-activation	androgen receptor activation
angiotensin-i	angiotensin I
angiotensin-ii	angiotensin II
antiinflammatory-gene-transcription	antiinflammatory gene transcription
antimicrobial-or-cosmetic-effect	antimicrobial or cosmetic effect
antioxidant-gene-transcription	antioxidant gene transcription
apoptosis-mitotic-catastrophe	apoptosis mitotic catastrophe
aqueous-humor	aqueous humor
aqueous-humor-production	aqueous humor production
arachidonic-acid	arachidonic acid
arachidonic-acid-glycerol	arachidonic acid glycerol
arylamine-or-hydrazide	arylamine or hydrazide
avp-release	AVP release
bacterial-dna-replication	bacterial DNA replication
bacterial-dna-supercoiling	bacterial DNA supercoiling
bacterial-ribosome	bacterial ribosome
bax-bak-activation	BAX/BAK activation
beta-alanine	β-alanine
beta-carotene	β-carotene
beta-hydroxybutyrate	β-hydroxybutyrate
biotinyl-apocarboxylase	biotinyl apocarboxylase
bone-resorption	bone resorption
c3-convertase	C3 convertase
c3a-c3b	C3a / C3b
c5-convertase	C5 convertase
calcitriol-synthesis	calcitriol synthesis
carbamoyl-phosphate	carbamoyl phosphate
caspase-1	caspase-1
caspase-1-activation	caspase-1 activation
ccd-fine-tuning	CCD fine tuning
cellular-dna	cellular DNA
cellular-nucleotide-pool	cellular nucleotide pool
cgmp-elevation	cGMP elevation
cgmp-rise	cGMP rise
cgrp-release	CGRP release
chenodeoxycholic-acid	chenodeoxycholic acid
cholic-acid	cholic acid
choline-acetate	choline acetate
chronic-psychophysical-stress	chronic psychophysical stress
ciliary-body	ciliary body
circulating-ldl	circulating LDL
cns-bdnf-modulation	CNS BDNF modulation
coenzyme-q10	coenzyme Q10
cognitive-peptide-intranasal	cognitive peptide intranasal
conjugated-bilirubin	conjugated bilirubin
coproporphyrinogen-iii	coproporphyrinogen III
corneocyte-shedding	corneocyte shedding
cortisol-or-synthetic-glucocorticoid	cortisol or synthetic glucocorticoid
creb-phosphorylation	CREB phosphorylation
crh-suppression	CRH suppression
ctla-4-b7-binding	CTLA-4/B7 binding
cyclic-gmp	cyclic GMP
cyclin-d-cdk4-6	cyclin D–CDK4/6
cysteine-sulfinic-acid	cysteine sulfinic acid
cysteinyl-leukotrienes	cysteinyl leukotrienes
cytochrome-c	cytochrome c
cytochrome-c-release	cytochrome c release
cytokine-ligand	cytokine ligand
cytokine-receptor-activation	cytokine receptor activation
cytokine-receptor-engagement	cytokine receptor engagement
cytosolic-calcium-rise	cytosolic calcium rise
d-ala-d-ala-terminus	D-Ala-D-Ala terminus
danger-signal	danger signal
dct-reabsorption	DCT reabsorption
death-signal-intrinsic	death signal intrinsic
detrusor-b3-activation	detrusor β3 activation
detrusor-contraction	detrusor contraction
detrusor-m3-activation	detrusor M3 activation
detrusor-relaxation	detrusor relaxation
dietary-iron	dietary iron
dietary-nucleoside	dietary nucleoside
dna-damage	DNA damage
docosahexaenoic-acid	docosahexaenoic acid
dopamine-receptor-activation	dopamine receptor activation
downstream-phosphorylation	downstream phosphorylation
e2f-release	E2F release
ecm-gene-transcription	ECM gene transcription
eicosapentaenoic-acid	eicosapentaenoic acid
electron-transport-leak	electron transport leak
endocannabinoid-release	endocannabinoid release
endothelin-1	endothelin-1
enoyl-coa	enoyl-CoA
enterocyte-iron	enterocyte iron
enterocyte-or-blocked	enterocyte or blocked
enzyme-cofactor-incorporation	enzyme cofactor incorporation
epo-vegf-glycolytic-transcription	EPO / VEGF / glycolytic transcription
erythroblast-iron	erythroblast iron
estradiol-3-sulfate	estradiol-3-sulfate
estrogen-glucuronides	estrogen glucuronides
executioner-caspase-activation	executioner caspase activation
factor-viia	factor VIIa
factor-xa	factor Xa
factor-xii	factor XII
fatty-acyl-coa	fatty acyl-CoA
fibrin-degradation-products	fibrin degradation products
flu-virion-release	flu virion release
folic-acid	folic acid
fructose-1-6-bisphosphate	fructose-1,6-bisphosphate
fructose-1-phosphate	fructose-1-phosphate
fructose-6-phosphate	fructose-6-phosphate
fumarate-acetoacetate	fumarate acetoacetate
fungal-beta-glucan	fungal β-glucan
gaba-a-receptor-activation	GABA-A receptor activation
gaba-b-receptor-activation	GABA-B receptor activation
galactose-1-phosphate	galactose-1-phosphate
gamma-glutamylcysteine	γ-glutamylcysteine
gastric-hcl-secretion	gastric HCl secretion
gi-go-activation	Gi/Go activation
gi-meal-signals	GI meal signals
gi-motility-or-secretion	GI motility / secretion
gi-peptide-release	GI peptide release
glomerular-filtrate	glomerular filtrate
glucosamine-6-phosphate	glucosamine-6-phosphate
glucose-1-phosphate	glucose-1-phosphate
glucose-6-phosphate	glucose-6-phosphate
glucuronide-conjugate	glucuronide conjugate
glutathione-conjugate	glutathione conjugate
glutathione-disulfide	glutathione disulfide
glyceraldehyde-3-phosphate	glyceraldehyde-3-phosphate
glyceraldehyde-dhap	glyceraldehyde / DHAP
glycerol-3-phosphate	glycerol-3-phosphate
glycine-acetylcoa	glycine + acetyl-CoA
glycine-and-arginine	glycine and arginine
gnrh-release	GnRH release
gpiib-iiia-binding	GPIIb/IIIa binding
gr-activation-translocation	GR activation / translocation
gs-coupled-receptor-activation	Gs-coupled receptor activation
gut-luminal-antigens	gut luminal antigens
gut-receptor-stimulation	gut receptor stimulation
h-k-atpase-activation	H⁺/K⁺-ATPase activation
h1-mediated-allergic-symptoms	H1-mediated allergic symptoms
hcv-nonstructural-proteins	HCV nonstructural proteins
hcv-polyprotein	HCV polyprotein
hcv-rna	HCV RNA
hcv-rna-replication	HCV RNA replication
hepatic-igf-1	hepatic IGF-1
hepatic-internalization	hepatic internalization
hepatocyte-drug	hepatocyte drug
hif-alpha-hydroxylated	hydroxylated HIF-α
hif-alpha-protein	HIF-α protein
hif-alpha-stabilized	stabilized HIF-α
hiv-dna	HIV DNA
hiv-polyprotein	HIV polyprotein
hiv-rna	HIV RNA
hmg-coa	HMG-CoA
homogentisic-acid	homogentisic acid
homovanillic-acid	homovanillic acid
hpa-axis-dysregulation	HPA axis dysregulation
hydrogen-peroxide	hydrogen peroxide
igf-1	IGF-1
ikb-degradation	IκB degradation
ikk-activation	IKK activation
il-1beta-secretion	IL-1β secretion
imidazole-acetaldehyde	imidazole acetaldehyde
inactive-24-hydroxy	inactive 24-hydroxy
inflammatory-cytokines	inflammatory cytokines
injury-tissue-stress	injury tissue stress
innate-immune-activation	innate immune activation
inosine-monophosphate	inosine monophosphate
inositol-trisphosphate	inositol trisphosphate
intermittent-pth	intermittent PTH
jak-activation	JAK activation
k-channel-opening-ca-closing	K⁺ channel opening / Ca²⁺ closing
keap1-cysteine-modification	KEAP1 cysteine modification
keratinocyte-basal	keratinocyte basal
kynurenic-acid	kynurenic acid
l-arginine	L-arginine
l-carnitine	L-carnitine
l-histidine	L-histidine
l-type-calcium-influx	L-type calcium influx
l-tyrosine	L-tyrosine
ldl-receptor	LDL receptor
leukotriene-a4	leukotriene A4
leukotriene-b4	leukotriene B4
lh-fsh-release	LH/FSH release
lipid-peroxyl-radical	lipid peroxyl radical
lipophilic-drug	lipophilic drug
long-chain-acyl-coa	long chain acyl-CoA
low-plasma-calcium	low plasma calcium
lumenal-drug	lumenal drug
lysosomal-degradation	lysosomal degradation
mac-c5b-9	MAC C5b-9
malonyl-coa	malonyl-CoA
mature-virion	mature virion
mc1r-melanogenesis	MC1R melanogenesis
mc4r-appetite-suppression	MC4R appetite suppression
mdp-secretion	MDP secretion
mediator-release	mediator release
membrane-depolarization	membrane depolarization
membrane-disruption-or-receptor-signal	membrane disruption or receptor signal
meningeal-vasodilation	meningeal vasodilation
mineral-uptake	mineral uptake
mitochondrial-acyl-carnitine	mitochondrial acyl carnitine
mitochondrial-acyl-coa	mitochondrial acyl-CoA
mitochondrial-stress	mitochondrial stress
mitogen-signaling	mitogen signaling
monoamine-reuptake-blockade-or-receptor-modulation	monoamine reuptake blockade or receptor modulation
monoaminergic-arousal	monoaminergic arousal
mtorc1-activation	mTORC1 activation
mucosal-immune-activation	mucosal immune activation
muscarinic-activation	muscarinic activation
muscle-fiber-action-potential	muscle fiber action potential
mycobacterial-mrna	mycobacterial mRNA
mycobacterial-rna-polymerase	mycobacterial RNA polymerase
mycolic-acid	mycolic acid
mycolic-acid-precursor	mycolic acid precursor
n-acetyl-conjugate	N-acetyl conjugate
n-formylkynurenine	N-formylkynurenine
n-methylhistamine	N-methylhistamine
na-channel-inactivation	Na⁺ channel inactivation
na-channel-opening	Na⁺ channel opening
nad-plus	NAD⁺
neuronal-hyperpolarization	neuronal hyperpolarization
neuronal-inhibition	neuronal inhibition
neurotransmitter-release	neurotransmitter release
nfkb-nuclear	nuclear NF-κB
nicotinamide-adenine-dinucleotide	nicotinamide adenine dinucleotide
nicotine-n-oxide	nicotine N-oxide
nicotinic-acid	nicotinic acid
nicotinic-acid-mononucleotide	nicotinic acid mononucleotide
nitric-oxide	nitric oxide
nlrp3-activation	NLRP3 activation
nlrp3-pro-il1b-upregulated	NLRP3 / pro-IL-1β upregulated
nmda-ca-influx	NMDA Ca²⁺ influx
norepinephrine-release	norepinephrine release
normalized-hpa-output	normalized HPA output
noxious-or-thermal-stimulus	noxious or thermal stimulus
nrf2-stabilization	NRF2 stabilization
nucleoside-analog	nucleoside analog
nutrient-stress-or-rapamycin	nutrient stress or rapamycin
opioid-receptor-agonist	opioid receptor agonist
orexin-release	orexin release
osmotic-or-hypovolemic-stimulus	osmotic or hypovolemic stimulus
osteoblast-activation	osteoblast activation
osteoblast-suppression	osteoblast suppression
osteoclast-activation	osteoclast activation
osteocyte-sclerostin	osteocyte sclerostin
oxidative-or-electrophilic-stress	oxidative or electrophilic stress
oxidized-metabolite	oxidized metabolite
oxidized-or-parent-drug	oxidized or parent drug
palmitoyl-coa	palmitoyl-CoA
parasite-clearance	parasite clearance
parasite-targets	parasite targets
parasympathetic-activation	parasympathetic activation
parietal-cell-stimulation	parietal cell stimulation
pattern-recognition	pattern recognition
pd-1-pd-l1-binding	PD-1/PD-L1 binding
peptide-elongation	peptide elongation
peptidoglycan-crosslink	peptidoglycan crosslink
phagophore-nucleation	phagophore nucleation
phase-0-depolarization	phase 0 depolarization
phase-1-early-repolarization	phase 1 early repolarization
phase-2-plateau	phase 2 plateau
phase-3-repolarization	phase 3 repolarization
phase-4-resting	phase 4 resting
phosphatidic-acid	phosphatidic acid
phosphatidylinositol-4-5-bisphosphate	phosphatidylinositol 4,5-bisphosphate
phosphoribosyl-pyrophosphate	phosphoribosyl pyrophosphate
pi3k-activation	PI3K activation
pituitary-gh-release	pituitary GH release
pka-activation	PKA activation
plasma-iron	plasma iron
platelet-activation	platelet activation
polyprenyl-pyrophosphate	polyprenyl pyrophosphate
polyubiquitinated-k48	K48-polyubiquitinated
portal-blood-drug	portal blood drug
postsynaptic-depolarization	postsynaptic depolarization
presynaptic-cb1	presynaptic CB1
presynaptic-vesicle-pool	presynaptic vesicle pool
prostaglandin-e2	prostaglandin E2
prostaglandin-h2	prostaglandin H2
proteasomal-peptides	proteasomal peptides
protein-synthesis	protein synthesis
proton-gradient	proton gradient
protoporphyrin-ix	protoporphyrin IX
proviral-integration	proviral integration
pt-reabsorption	PT reabsorption
pth-release	PTH release
pyridoxal-5-phosphate	pyridoxal 5'-phosphate
quinolinic-acid	quinolinic acid
rar-rxr-binding	RAR/RXR binding
rar-rxr-heterodimer-activation	RAR/RXR heterodimer activation
rb-phosphorylation	Rb phosphorylation
reactive-metabolite	reactive metabolite
recycling-or-degradation	recycling or degradation
reduced-camp	reduced cAMP
reduced-muscle-tone	reduced muscle tone
reduced-neurotransmitter-release	reduced neurotransmitter release
renal-calcium-reabsorption	renal calcium reabsorption
renal-water-reabsorption	renal water reabsorption
repair-peptide-signaling	repair peptide signaling
resolvin-d1	resolvin D1
resolvin-e1	resolvin E1
retinoic-acid	retinoic acid
ribose-5-phosphate	ribose-5-phosphate
ribulose-5-phosphate	ribulose-5-phosphate
s-adenosylhomocysteine	S-adenosylhomocysteine
s-adenosylmethionine	S-adenosylmethionine
s-phase-entry	S-phase entry
sarm-binding	SARM binding
sars-cov-2-functional-proteins	SARS-CoV-2 functional proteins
sars-cov-2-polyprotein	SARS-CoV-2 polyprotein
sialic-acid-on-cell-surface	sialic acid on cell surface
sirtuin-activation	sirtuin activation
smad2-3-4-complex-nuclear	nuclear SMAD2/3/4 complex
smad2-smad3-phosphorylation	SMAD2/SMAD3 phosphorylation
smooth-muscle-relaxation	smooth muscle relaxation
spinal-reflex-arc	spinal reflex arc
stat-dimer-nuclear	nuclear STAT dimer
stat-phosphorylation	STAT phosphorylation
substrate-protein	substrate protein
succinyl-coa	succinyl-CoA
sulfate-conjugate	sulfate conjugate
sympathetic-activation	sympathetic activation
synaptic-monoamine-elevation	synaptic monoamine elevation
systemic-equilibration	systemic equilibration
t-cell-exhaustion	T-cell exhaustion
t-cell-priming-suppression	T-cell priming suppression
tal-reabsorption	TAL reabsorption
tgf-beta-ligand	TGF-β ligand
tgfbr1-tgfbr2-activation	TGFBR1/TGFBR2 activation
thiamine-pyrophosphate	thiamine pyrophosphate
thrombin-par1	thrombin–PAR1
thromboxane-a2	thromboxane A2
tissue-factor	tissue factor
tissue-selective-ar-activation	tissue-selective AR activation
tlr-priming-signal	TLR priming signal
tmn-arousal	TMN arousal
tnf-alpha	TNF-α
tocopheryl-radical	tocopheryl radical
trabecular-meshwork-outflow	trabecular meshwork outflow
trans-3-hydroxycotinine	trans-3-hydroxycotinine
trigeminal-sensory-afferent	trigeminal sensory afferent
trimethylamine-n-oxide	trimethylamine N-oxide
trp-channel-activation	TRP channel activation
txa2-release	TXA2 release
tyrosine-kinase-active	tyrosine kinase active
udp-glcnac	UDP-GlcNAc
udp-glucose	UDP-glucose
ulk1-activation	ULK1 activation
unconjugated-bilirubin	unconjugated bilirubin
urethral-a1a-activation	urethral α1A activation
urethral-contraction	urethral contraction
uric-acid	uric acid
vhl-degradation	VHL degradation
viral-rna-dna-chain-termination	viral RNA/DNA chain termination
vitamin-k-epoxide	vitamin K epoxide
vitamin-k-hydroquinone	vitamin K hydroquinone
