slug,receptor,pathway,assigned_action,tier,evidence,source_pmid,applied
"7-hydroxymitragynine","mu_opioid","","partial_agonist","textbook","partial MOR agonist per the cited Obeng 2021 characterization","PMID:33384303","preexisting"
"acetaminophen","cox_2","antipyresis","inhibitor","assay","COX-2 IC50, human whole-blood activity assay","PMID:17884974","preexisting"
"alfentanil","mu_opioid","analgesia","agonist","textbook","full mu-opioid agonist (fentanyl congener)","PMID:21215785","preexisting"
"alprazolam","gaba_a_bzd","sedation","agonist","textbook","benzodiazepine-site agonist","PMID:1964224","preexisting"
"amiodarone","herg","antiarrhythmic","blocker","assay","IC50 on cloned hERG tail current, patch clamp","PMID:27256139","preexisting"
"atropine","muscarinic","parasympatholysis","antagonist","textbook","prototypical muscarinic antagonist","PMID:2432979","preexisting"
"buprenorphine","mu_opioid","analgesia","partial_agonist","textbook","defining example of a mu partial agonist","PMID:10502307","preexisting"
"caffeine","adenosine_A1","wakefulness","antagonist","textbook","caffeine is the canonical adenosine-receptor antagonist","PMID:8469419","preexisting"
"caffeine","adenosine_A2A","wakefulness","antagonist","textbook","caffeine is the canonical adenosine-receptor antagonist","PMID:10049999","preexisting"
"celecoxib","cox_2","antiinflammatory","inhibitor","assay","human COX-2 IC50 in the celecoxib discovery paper","PMID:9135032","preexisting"
"citalopram","SERT","","inhibitor","textbook","SSRI = selective serotonin REUPTAKE INHIBITOR (named in the note)","PMID:9537821","preexisting"
"clonazepam","gaba_a_bzd","sedation_anxiolytic","agonist","note","note: ""Agonist.""","PMID:2872063","preexisting"
"clonidine","alpha_2a","sedation","agonist","textbook","prototypical a2-adrenergic agonist","PMID:10648329","preexisting"
"dabigatran","thrombin","anticoagulation","inhibitor","note","note: ""selectively and reversibly inhibited human thrombin""","PMID:17598008","preexisting"
"dexmedetomidine","alpha_2a","sedation","agonist","textbook","selective a2-adrenergic agonist","PMID:10648329","preexisting"
"diazepam","gaba_a_bzd","sedation","agonist","textbook","benzodiazepine-site agonist","PMID:3017047","preexisting"
"diclofenac","cox_1","antiinflammatory","inhibitor","note","note: ""Reversible competitive""","PMID:11874389","preexisting"
"diclofenac","cox_2","antiinflammatory","inhibitor","note","note: ""Reversible""","PMID:11874389","preexisting"
"digoxin","na_k_atpase","positive_inotropy","inhibitor","assay","IC50 in an NADH-coupled Na/K-ATPase activity assay","PMID:19487957","preexisting"
"eszopiclone","gaba_a_bzd","sedation_anxiolytic","agonist","note","note: ""Cyclopyrrolone agonist (S-zopiclone)""","PMID:18973287","preexisting"
"etomidate","gaba_a","anesthesia","pam","note","note: ""GABA-A PAM""","PMID:39615281","preexisting"
"etoricoxib","cox_2","antiinflammatory","inhibitor","note","note: ""COX-2-selective reversible""","PMID:11160644","preexisting"
"etoricoxib","cox_1","antiinflammatory","inhibitor","assay","COX-1 IC50, serum TXB2 generation","PMID:11160644","preexisting"
"fentanyl","mu_opioid","analgesia","agonist","textbook","full mu-opioid agonist","PMID:12956932","preexisting"
"glycine","glycine_receptor_alpha1","glycine","agonist","textbook","endogenous agonist of its own receptor","PMID:11559772","preexisting"
"hydrocodone","mu_opioid","analgesia","agonist","note","note: ""Clinically a full mu agonist""","PMID:1851921","preexisting"
"hydromorphone","mu_opioid","analgesia","agonist","textbook","full mu-opioid agonist","PMID:1851921","preexisting"
"ibuprofen","cox_1","antiinflammatory","inhibitor","assay","COX-1 IC50, human monocyte assay","PMID:11804398","preexisting"
"ibuprofen","cox_2","antiinflammatory","inhibitor","assay","COX-2 IC50, LPS-stimulated assay","PMID:11804398","preexisting"
"isoflurane","gaba_a","anesthesia","pam","assay","EC50 for potentiation of the GABA response, HEK a1b2g2L","PMID:11408543","preexisting"
"ketamine","nmda","anesthesia","blocker","note","note: ""[3H]MK-801 displacement at PCP/open-channel site""","PMID:9311667","preexisting"
"ketoprofen","cox_1","antiinflammatory","inhibitor","assay","COX-1 IC50, human whole-blood assay","PMID:10377455","preexisting"
"ketoprofen","cox_2","antiinflammatory","inhibitor","assay","COX-2 IC50, human whole-blood assay","PMID:10377455","preexisting"
"lamotrigine","nav","seizure_control","blocker","assay","inactivated-state Nav affinity, whole-cell voltage clamp","PMID:7491269","preexisting"
"lorazepam","gaba_a_bzd","sedation","agonist","textbook","benzodiazepine-site agonist","PMID:8391122","preexisting"
"lsd","5-HT2A","","agonist","note","note: ""full agonist per GtoPdb""","PMID:28129538","preexisting"
"melatonin","mt1","circadian","agonist","textbook","endogenous agonist of its own receptor","PMID:10696085","preexisting"
"melatonin","mt2","circadian","agonist","textbook","endogenous agonist of its own receptor","PMID:10696085","preexisting"
"meloxicam","cox_1","antiinflammatory","inhibitor","note","note: ""COX-2-preferential; reversible""","PMID:11874389","preexisting"
"meloxicam","cox_2","antiinflammatory","inhibitor","note","note: ""Reversible""","PMID:11874389","preexisting"
"methadone","mu_opioid","analgesia","agonist","textbook","full mu-opioid agonist","PMID:7823756","preexisting"
"midazolam","gaba_a_bzd","sedation","agonist","textbook","benzodiazepine-site agonist","PMID:8282018","preexisting"
"modafinil","dat","wakefulness","inhibitor","textbook","atypical dopamine reuptake inhibitor at DAT","PMID:22043293","preexisting"
"morphine","mu_opioid","analgesia","agonist","textbook","prototypical full mu-opioid agonist","PMID:1851921","preexisting"
"nabumetone","cox_1","antiinflammatory","inhibitor","assay","COX-1 IC50 of the active 6-MNA, whole-blood assay","PMID:10377455","preexisting"
"nabumetone","cox_2","antiinflammatory","inhibitor","assay","COX-2 IC50 of the active 6-MNA, whole-blood assay","PMID:10377455","preexisting"
"naproxen","cox_1","antiinflammatory","inhibitor","note","note: ""reversible competitive""","PMID:18397691","preexisting"
"naproxen","cox_2","antiinflammatory","inhibitor","note","note: ""reversible""","PMID:18397691","preexisting"
"oxybutynin","muscarinic","parasympatholysis","antagonist","textbook","antimuscarinic; the cited source calls it a reference antagonist","PMID:18045203","preexisting"
"oxycodone","mu_opioid","","agonist","textbook","full mu-opioid agonist","PMID:21215785","preexisting"
"piroxicam","cox_1","antiinflammatory","inhibitor","assay","COX-1 IC50, human whole-blood assay","PMID:10377455","preexisting"
"piroxicam","cox_2","antiinflammatory","inhibitor","assay","COX-2 IC50, human whole-blood assay","PMID:10377455","preexisting"
"pregabalin","cav_alpha2delta","antinociception","modulator","note","note: ""a2d ligand binding"" — not a pore block; modulates trafficking/release","PMID:16781071","preexisting"
"propofol","gaba_a","anesthesia","pam","note","note: ""Allosteric EC50, not competitive Ki""; GABA potentiation","PMID:9422818","preexisting"
"remifentanil","mu_opioid","analgesia","agonist","assay","functional EC50, guinea-pig ileum; ""acted through the mu class""","PMID:1658308","preexisting"
"retatrutide","glp_1r","incretin","agonist","assay","human GLP-1R cAMP EC50","PMID:35985340","preexisting"
"retatrutide","gipr","incretin","agonist","assay","human GIPR cAMP EC50","PMID:35985340","preexisting"
"retatrutide","gcgr","glucagon","agonist","assay","human GCGR cAMP EC50","PMID:35985340","preexisting"
"ropivacaine","nav","local_anesthesia","blocker","assay","IC50 on Na current, dorsal-horn neurons","PMID:10781449","preexisting"
"scopolamine","muscarinic","parasympatholysis","antagonist","note","cited source is ""Antagonism by antimuscarinic ... compounds""","PMID:1346637","preexisting"
"sevoflurane","gaba_a","anesthesia","pam","assay","EC50 for hippocampal GABA-A potentiation","PMID:23535829","preexisting"
"sodium-oxybate","gaba_b","","agonist","assay","functional EC50, GABA-B/Kir3 current activation","PMID:10587082","preexisting"
"sufentanil","mu_opioid","analgesia","agonist","textbook","full mu-opioid agonist (fentanyl congener)","PMID:21215785","preexisting"
"sulindac","cox_2","antiinflammatory","inhibitor","assay","COX-2 IC50 of sulindac sulfide, whole-blood assay","PMID:10377455","preexisting"
"tasimelteon","mt1","","agonist","textbook","melatonin-receptor agonist (its approved drug class)","PMID:25534555","preexisting"
"tasimelteon","mt2","","agonist","textbook","melatonin-receptor agonist (its approved drug class)","PMID:25534555","preexisting"
"taurine","glycine_receptor","glycine","agonist","textbook","glycine-receptor agonist","PMID:24379976","preexisting"
"terazosin","alpha_1","bph_lower_uts","antagonist","textbook","a1-adrenergic antagonist (alpha-blocker)","PMID:7536677","preexisting"
"thiopental","gaba_a","anesthesia","pam","assay","EC50 for GABA potentiation, Xenopus a1b2g2","PMID:10498837","preexisting"
"tiotropium","muscarinic","parasympatholysis","antagonist","note","note: ""functional antagonist affinity pA2 = 10.4"" (Schild)","PMID:19478135","preexisting"
"tolterodine","muscarinic","parasympatholysis","antagonist","textbook","antimuscarinic bladder agent","PMID:9200560","preexisting"
"tramadol","mu_opioid","analgesia","agonist","textbook","weak mu-opioid agonist (plus monoamine reuptake block elsewhere)","PMID:10961373","preexisting"
"triazolam","gaba_a_bzd","sedation_anxiolytic","agonist","textbook","benzodiazepine-site agonist","PMID:9536021","preexisting"
"zaleplon","gaba_a_bzd","sedation_anxiolytic","agonist","textbook","a1-preferring benzodiazepine-site agonist (Z-drug)","PMID:12122506","preexisting"
"zolpidem","gaba_a_bzd","sedation","agonist","textbook","a1-preferring benzodiazepine-site agonist (Z-drug)","PMID:10454469","preexisting"
"zopiclone","gaba_a_bzd","sedation_anxiolytic","agonist","note","note: ""Cyclopyrrolone agonist (racemate)""","PMID:6329982","preexisting"
"trenbolone","androgen_receptor","anabolic","agonist","textbook","anabolic steroid — androgen-receptor agonist","PMID:12441365","preexisting"
"psilocin","5-HT2A","psychedelic","agonist","textbook","5-HT2A agonist (the psychedelic mechanism)","PMID:36049313","preexisting"
"tianeptine","mu_opioid","analgesia","agonist","note","note: ""an efficacious MOR agonist"", G-protein activation EC50","PMID:25026323","preexisting"
"tianeptine","delta_opioid","opioid","agonist","note","note: ""full delta-opioid receptor (DOR) agonist""","PMID:25026323","preexisting"
"s23","androgen_receptor","anabolic","agonist","note","note: ""identified as a full agonist in vitro""","PMID:18772237","preexisting"
