slug,receptor,pathway,note_snippet,assigned_action,layer
"7-hydroxymitragynine","mu_opioid","","Human recombinant μ-opioid receptor stably expressed in CHO ","","DEFERRED(phenotypic)"
"acetaminophen","cox_2","antipyresis","Hinz/Cheremina/Brune 2008 FASEB J — abstract verbatim ""IC(50","","DEFERRED(phenotypic)"
"acetazolamide","carbonic_anhydrase","inhibitor","Tsikas 2024 (PMID:38078375), review devoted to acetazolamide","inhibitor","direct"
"adalimumab","tnf_alpha","neutralizer","Shealy 2010 verbatim: ""significantly greater than that of ad","neutralizer","direct"
"alfentanil","mu_opioid","analgesia","Volpe 2011 (PMID:21215785, FDA/CDER): Ki = 7.391 nM for alfe","","DEFERRED(phenotypic)"
"alogliptin","dpp4","inhibitor","Lee 2008 verbatim: ""Alogliptin potently inhibited human DPP-","inhibitor","direct"
"alprazolam","gaba_a_bzd","sedation","[3H]alprazolam saturation binding rat brain BZD; abstract ve","","DEFERRED(phenotypic)"
"amiodarone","herg","antiarrhythmic","HEK293 patch-clamp cloned hERG outward IhERG tails; abstract","","DEFERRED(phenotypic)"
"amlodipine","cav1_2","antagonist","Nayler 1991 verbatim: ""(-)[3H]amlodipine bound to a single p","antagonist","direct"
"anastrozole","aromatase","inhibitor","Dukes 1996 verbatim: ""inhibits human placental aromatase wit","inhibitor","direct"
"apixaban","factor_xa","inhibitor","Wong 2008 verbatim: ""apixaban is potent and selective, with ","inhibitor","direct"
"apremilast","pde4","inhibitor","Schafer 2014 verbatim: ""Apremilast inhibited PDE4 isoforms f","inhibitor","direct"
"aripiprazole","5-HT1A","partial-agonist","Stark 2007 (Psychopharmacology) verbatim: ""Aripiprazole show","partial_agonist","direct"
"aripiprazole","5-HT2A","antagonist","Stark 2007 verbatim: ""In membranes from cells expressing hum","antagonist","direct"
"aripiprazole","5-HT2C","antagonist","Stark 2007 verbatim: ""moderate affinity to 5-HT(2C) (K(i) = ","antagonist","direct"
"aripiprazole","5-HT7","antagonist","Stark 2007 verbatim: ""moderate affinity to ... 5-HT(7) (K(i)","antagonist","direct"
"aripiprazole","dopamine_d2","partial-agonist","Burris 2002 (PMID:12065741, J Pharmacol Exp Ther) is the def","partial_agonist","direct"
"asenapine","dopamine_d2","antagonist","Shahid 2009 verbatim: asenapine D2 pKi 8.9 (→ Ki 1.26 nM), h","antagonist","direct"
"asenapine","5-HT2A","antagonist","Shahid 2009 verbatim: asenapine 5-HT2A pKi 10.2 (→ Ki 0.063 ","antagonist","direct"
"asenapine","H1","antagonist","GtoPdb-curated human H1 binding: pKi 9.8 (Ki 0.16 nM), antag","antagonist","direct"
"atenolol","beta_1","antagonist","GtoPdb-curated human β1-adrenoceptor binding: pKi range 6.7–","antagonist","direct"
"atomoxetine","net","norepinephrine_reuptake_inhibition","Bymaster 2002 verbatim: ""Atomoxetine inhibited binding of ra","inhibitor","direct"
"atomoxetine","dat","dopamine_reuptake_inhibition","Bymaster 2002 verbatim (same sentence): human DAT Ki 1451 nM","inhibitor","direct"
"atracurium","nachr_muscle","neuromuscular_blockade","Same Liu 2010 paper; abstract verbatim ""ATR: from 24.4 to 12","antagonist","direct"
"atropine","muscarinic","parasympatholysis","M1 cortical IC50; abstract verbatim ""atropine displayed simi","","DEFERRED(phenotypic)"
"baclofen","gaba_b","agonist","Br J Pharmacol 2000 (PMID:11082110): pharmacological charact","agonist","direct"
"baricitinib","jak1","inhibitor","Fridman 2010 verbatim: ""INCB028050 is a selective orally bio","inhibitor","direct"
"beta-caryophyllene","cb2","agonist","Gertsch 2008 verbatim: ""(E)-BCP selectively binds to the CB(","agonist","direct"
"bicalutamide","androgen_receptor","antagonist","Freeman, Mainwaring & Furr 1989 (PMID:2803943, Br J Cancer) ","antagonist","direct"
"bisoprolol","beta_1","antagonist","Horinouchi 1991 verbatim: ""bisoprolol revealed two binding s","antagonist","direct"
"bosentan","eta","antagonist","Clozel 1994 verbatim: ""Bosentan ... antagonized the specific","antagonist","direct"
"brexpiprazole","H1","antagonist","Maeda 2014 verbatim: ""moderate affinity for hH1 (Ki = 19 nm)","antagonist","direct"
"brexpiprazole","dopamine_d2","partial-agonist","GtoPdb-curated human D2 binding: pKi 9.52 (Ki 0.30 nM), part","partial_agonist","direct"
"brimonidine","alpha_2a","agonist","Per IUPHAR/GtoPdb (human α2A, binding pKi range 6.4–8.7 acro","agonist","direct"
"budesonide","glucocorticoid","agonist","Esmailpour, Hogger & Rohdewald 1998 (Eur J Pharm Sci 6:219-2","agonist","direct"
"bupivacaine","nav","na_channel_block","Bräu 1998 verbatim: ""bupivacaine 27 microM"" (IC50, tonic Na⁺","blocker","direct"
"buprenorphine","mu_opioid","analgesia","Romero 1999 Synapse — abstract verbatim ""antagonist-K(i) val","","DEFERRED(phenotypic)"
"buprenorphine","kappa_opioid","antagonist","GtoPdb-curated human κ-opioid binding: pKi range 9.1–10.2 (P","antagonist","direct"
"buspirone","5-HT1A","partial-agonist","Croci 1995 verbatim: ""8-OH-DPAT, buspirone ... displaced [3H","partial_agonist","direct"
"butorphanol","mu_opioid","partial-agonist","GtoPdb-curated human μ-opioid binding: pKi 9.92 (Ki 0.12 nM)","partial_agonist","direct"
"butorphanol","kappa_opioid","partial-agonist","GtoPdb-curated human κ-opioid binding: pKi 9.92 (Ki 0.12 nM)","partial_agonist","direct"
"caffeine","adenosine_A1","wakefulness","Deckert et al 1993 (Neurosci Lett 150:191-194) — caffeine is","","DEFERRED(phenotypic)"
"caffeine","adenosine_A2A","wakefulness","","","DEFERRED(phenotypic)"
"canagliflozin","sglt2","inhibitor","Ohgaki 2016 verbatim: ""Inhibition constant (Ki) values for S","inhibitor","direct"
"candesartan","at1","antagonist","verbatim: ""CV-11974 inhibited the binding of [125I] AII to t","antagonist","direct"
"cbd","cb1","antagonist","Thomas 2007 Table 1 (PMC2189767) verbatim: cannabidiol CB1 K","antagonist","direct"
"cbd","cb2","antagonist","Thomas 2007 Table 1 (PMC2189767) verbatim: cannabidiol CB2 K","antagonist","direct"
"cariprazine","dopamine_d2","partial agonist","Per IUPHAR/GtoPdb (human D2L, Ki 5.7 nM, partial agonist); p","partial_agonist","direct"
"cariprazine","dopamine_d3","partial-agonist","GtoPdb-curated human D3 binding: pKi 10.05 (Ki 0.09 nM), par","partial_agonist","direct"
"carvedilol","beta_1","beta1_blockade","Bristow 1992 — abstract ""KD ≈ 4-5 nM"" human ventricular myoc","antagonist","direct"
"carvedilol","alpha_1","antagonist","GtoPdb-curated human α1A-adrenoceptor binding: pKi 8.4 (Ki 4","antagonist","direct"
"carvedilol","beta_2","antagonist","GtoPdb-curated human β2-adrenoceptor binding: pKi range 9.4–","antagonist","direct"
"cbg","cb1","partial agonist","Cascio 2010 verbatim: cannabigerol Ki ""381 nM (231 and 627 n","partial_agonist","direct"
"cbg","cb2","partial agonist","Cascio 2010 verbatim: cannabigerol Ki ""2.6 µM (1.4 and 4.7 µ","partial_agonist","direct"
"celecoxib","cox_2","antiinflammatory","Penning et al 1997 (J Med Chem 40:1347-1365) is the celecoxi","","DEFERRED(phenotypic)"
"cetirizine","H1","antagonist","Gillard 2002 (Mol Pharmacol) verbatim: ""cetirizine and its e","antagonist","direct"
"chlorpheniramine","H1","antagonist","Per Gillard et al. 2002 (Mol Pharmacol 61(2):391-9, PMID:118","antagonist","direct"
"cilostazol","pde3","inhibitor","Schrör 2002 (review) verbatim: ""The compound is a potent inh","inhibitor","direct"
"cimetidine","H2","antagonist","Leurs 1994 verbatim: ""blocked by tiotidine and cimetidine, r","antagonist","direct"
"citalopram","SERT","","Tatsumi 1997 Eur J Pharmacol — canonical hSERT/hNET/hDAT Ki ","","DEFERRED(phenotypic)"
"clomipramine","SERT","serotonin_reuptake_inhibition","Per IUPHAR/GtoPdb (human SERT, pKi 9.7 → Ki 0.20 nM); primar","inhibitor","direct"
"clomipramine","net","norepinephrine_reuptake_inhibition","Per IUPHAR/GtoPdb (human NET, pKd 7.4 → Kd 39.8 nM); primary","inhibitor","direct"
"clomipramine","alpha_1","antagonist","GtoPdb-curated human α1A-adrenoceptor binding: pKi 8.1 (Ki 7","antagonist","direct"
"clonazepam","gaba_a_bzd","sedation_anxiolytic","Chweh 1986 verbatim: ""Ro15-1788 and clonazepam are the most ","","DEFERRED(phenotypic)"
"clonidine","alpha_2a","sedation","Eisenach 1999 — abstract ""10.8 and 12.5 nM (CL)"" spinal cord","","DEFERRED(phenotypic)"
"clozapine","dopamine_d2","antagonist","Per IUPHAR/GtoPdb (human D2, pKi range 5.8–6.9 across 5 refs","antagonist","direct"
"clozapine","5-HT2A","antagonist","Per IUPHAR/GtoPdb (human 5-HT2A, pKi range 7.6–9.0 across 5 ","antagonist","direct"
"clozapine","H1","antagonist","GtoPdb-curated human H1 binding: pKi range 8.8–9.6 (PMID:893","antagonist","direct"
"clozapine","alpha_1","antagonist","Proudman, Pupo & Baker 2020 (Pharmacol Res Perspect 8:e00602","antagonist","direct"
"cortisol","glucocorticoid","agonist","GtoPdb-curated human GR (NR3C1) binding: pIC50 range 7.3–8.0","agonist","direct"
"cortisol","mineralocorticoid","agonist","GtoPdb-curated human MR (NR3C2) binding: pIC50 range 9.8–9.9","agonist","direct"
"dabigatran","thrombin","anticoagulation","Direct hα-thrombin reversible competitive; abstract verbatim","","DEFERRED(phenotypic)"
"daridorexant","orexin_1","antagonist","GtoPdb-curated human OX1 (HCRTR1) binding: pKi 8.8 (Ki 1.58 ","antagonist","direct"
"daridorexant","orexin_2","antagonist","GtoPdb-curated human OX2 (HCRTR2) antagonist potency: pKB ra","antagonist","direct"
"desloratadine","H1","antagonist","Anthes 2002 (Eur J Pharmacol) verbatim: ""Desloratadine had a","antagonist","direct"
"desmopressin","v2","agonist","verbatim: ""dDAVP displaced [(3)H]-AVP binding to human V(2)-","agonist","direct"
"dexamethasone","glucocorticoid","agonist","Chakraborti 1995 verbatim: ""wild type receptor Kd of 2.5 nM""","agonist","direct"
"dexmedetomidine","alpha_2a","sedation","Eisenach 1999 — abstract ""0.25 and 1.3 nM (DXM)"" spinal cord","","DEFERRED(phenotypic)"
"diazepam","gaba_a_bzd","sedation","Saano 1986 — abstract verbatim ""Diazepam exhibited the highe","","DEFERRED(phenotypic)"
"diclofenac","cox_1","antiinflammatory","Blain 2002 Table 1 (PMC1874310, human whole-blood assay) ver","","DEFERRED(phenotypic)"
"diclofenac","cox_2","antiinflammatory","Blain 2002 Table 1 (PMC1874310, human whole-blood assay) ver","","DEFERRED(phenotypic)"
"digoxin","na_k_atpase","positive_inotropy","Human kidney α1β1 NADH-coupled; abstract verbatim ""digoxin …","","DEFERRED(phenotypic)"
"diphenhydramine","H1","antagonist","Per IUPHAR/GtoPdb (human H1, pKi 7.9 → Ki 12.6 nM); primary ","antagonist","direct"
"dofetilide","herg","ikr_block_qt","HERG cRNA in Xenopus oocyte excised macro patches (Kiehn 199","blocker","direct"
"dorzolamide","carbonic_anhydrase","inhibitor","Maren 1997 verbatim: ""the equilibrium expression for KI of d","inhibitor","direct"
"doxazosin","alpha_1","antagonist","Hatano 1996 verbatim: ""mean -log Ki (pKi) values were 8.60-8","antagonist","direct"
"doxepin","H1","antagonist","Kanba & Richelson 1984 verbatim: ""high-affinity binding site","antagonist","direct"
"dronabinol","cb1","agonist","McPartland 2007 verbatim: ""mean Ki values for delta 9-tetrah","agonist","direct"
"dronabinol","cb2","agonist","Rosenthaler 2014 verbatim: ""Ki values to CB2 range from 8.5 ","agonist","direct"
"duloxetine","SERT","serotonin_reuptake_inhibition","Bymaster 2001 verbatim: ""Duloxetine inhibited binding to the","inhibitor","direct"
"duloxetine","net","norepinephrine_reuptake_inhibition","Bymaster et al 2001 (PMID:11750180) is the primary duloxetin","inhibitor","direct"
"empagliflozin","sglt2","inhibitor","Grempler 2012 verbatim: ""Empagliflozin has an IC(50) of 3.1 ","inhibitor","direct"
"enzalutamide","androgen_receptor","antagonist","Tran 2009 (PMC2981508) Fig 1B legend: ""36 nM (MDV3100)"" = en","antagonist","direct"
"eplerenone","mineralocorticoid","antagonist","Arai 2015 verbatim: eplerenone MR IC50 713 nM (³H-aldosteron","antagonist","direct"
"erenumab","cgrp_receptor","antagonist","Shi 2016 verbatim: ""AMG 334 competes with [(125)I]-CGRP bind","antagonist","direct"
"erlotinib","egfr","inhibitor","Moyer 1997 verbatim: ""CP-358,774 is a directly acting inhibi","inhibitor","direct"
"escitalopram","SERT","serotonin_reuptake_inhibition","Owens 2001 Biol Psych — abstract ""K(i) = 1.1 nmol/L"" hSERT; ","inhibitor","direct"
"estradiol","estrogen_receptor","agonist","Kuiper 1997 verbatim: ""dissociation constant (Kd) = 0.1 nM f","agonist","direct"
"eszopiclone","gaba_a_bzd","sedation_anxiolytic","Hanson 2008 Table (PMC2645942) verbatim: eszopiclone WT α1β2","","DEFERRED(phenotypic)"
"etanercept","tnf_alpha","neutralizer","Shealy 2010 verbatim: etanercept soluble-TNFα SPR KD ""11 pM""","neutralizer","direct"
"etomidate","gaba_a","anesthesia","GABA-A PAM; abstract verbatim ""etomidate (EC50 = 9.29 µM)"". ","","DEFERRED(phenotypic)"
"etoricoxib","cox_2","antiinflammatory","Riendeau 2001 verbatim: ""an IC(50) value of 1.1 +/- 0.1 micr","","DEFERRED(phenotypic)"
"etoricoxib","cox_1","antiinflammatory","Riendeau 2001 verbatim: ""an IC(50) value of 116 +/- 8 microM","","DEFERRED(phenotypic)"
"exenatide","glp_1r","agonist","Schepp 1994 verbatim: ""exendin-4 (Ki = 4.6 x 10⁻¹⁰ M)"" = 0.4","agonist","direct"
"febuxostat","xanthine_oxidase","inhibitor","Osada 1993 verbatim: ""TEI-6720 ... inhibit bovine milk xanth","inhibitor","direct"
"fenofibrate","ppar_alpha","agonist","Kuwabara 2004 verbatim: ""Fenofibric acid ... weak agonist ac","agonist","direct"
"fentanyl","mu_opioid","analgesia","","","DEFERRED(phenotypic)"
"fexofenadine","H1","antagonist","Per IUPHAR/GtoPdb (human H1, Ki 27 nM); primary ref Aslanian","antagonist","direct"
"finasteride","srd5a2","inhibitor","di Salle 1998 verbatim: ""finasteride (IC50 values of 313 and","inhibitor","direct"
"fludrocortisone","mineralocorticoid","agonist","GtoPdb-curated human MR (NR3C2) binding: pIC50 9.92 (IC50 0.","agonist","direct"
"flumazenil","gaba_a_bzd","antagonist","Möhler 1981 verbatim: Ro 15-1788 ""effectively inhibited [3H]","antagonist","direct"
"fluoxetine","SERT","serotonin_reuptake_inhibition","Tatsumi et al 1997 (PMID:9537821) is the genuine subject-pri","inhibitor","direct"
"fluphenazine","dopamine_d2","antagonist","Per IUPHAR/GtoPdb (human D2, pKi 8.8 → Ki 1.44 nM); primary ","antagonist","direct"
"fluphenazine","5-HT2A","antagonist","Per IUPHAR/GtoPdb (human 5-HT2A, pKi 7.5 → Ki 32 nM); primar","antagonist","direct"
"fluphenazine","H1","antagonist","GtoPdb-curated human H1 binding: pKi 7.7 (Ki 20 nM), antagon","antagonist","direct"
"fluvoxamine","SERT","serotonin_reuptake_inhibition","Tatsumi et al 1997 (PMID:9537821), the genuine subject-prima","inhibitor","direct"
"ghrp-2","ghsr","agonist","GtoPdb-curated rat GHS-R (ghrelin receptor) full-agonist pKi","agonist","direct"
"glycine","glycine_receptor_alpha1","glycine","","","DEFERRED(phenotypic)"
"golimumab","tnf_alpha","neutralizer","Shealy 2010 verbatim: ""affinity of golimumab for soluble hum","neutralizer","direct"
"granisetron","5ht3","antagonist","Hope 1996 verbatim: [3H]-granisetron bound h5-HT3A ""with hig","antagonist","direct"
"guanfacine","alpha_2a","agonist","Uhlén 1992 verbatim: ""The Kds of guanfacine were 19.9 and 34","agonist","direct"
"guselkumab","il23_p19","neutralizer","Zhou 2021 verbatim: ""Risankizumab and guselkumab exhibited h","neutralizer","direct"
"haloperidol","dopamine_d2","antagonist","Tsuchihashi 1992 verbatim: ""the Kd and Bmax values were 7.42","antagonist","direct"
"haloperidol","dopamine_d3","antagonist","GtoPdb-curated human D3 binding: pKi range 7.5–8.6 (PMID:830","antagonist","direct"
"haloperidol","5-HT2A","antagonist","GtoPdb-curated human 5-HT2A binding: pKi range 6.7–7.3 (PMID","antagonist","direct"
"hydrocodone","mu_opioid","analgesia","Chen 1991 verbatim: ""hydrocodone, Ki = 19.8 nM"". Rat brain h","","DEFERRED(phenotypic)"
"hydromorphone","mu_opioid","analgesia","Rat brain MOR, [3H]DAMGO competition (Codd 1995); abstract v","","DEFERRED(phenotypic)"
"hydroxyzine","H1","antagonist","Genuine subject-primary = Gillard, Christophe, Wels, Peck, M","antagonist","direct"
"ibuprofen","cox_1","antiinflammatory","Human monocyte COX-1 assay; abstract verbatim ""ibuprofen, 12","","DEFERRED(phenotypic)"
"ibuprofen","cox_2","antiinflammatory","Same paper, LPS-stimulated COX-2 assay; abstract verbatim ""i","","DEFERRED(phenotypic)"
"infliximab","tnf_alpha","neutralizer","Shealy 2010 verbatim: ""greater than that of infliximab (44 p","neutralizer","direct"
"irbesartan","at1","angiotensin_blockade","Guinea pig liver AT1 [125I][Sar1-Ile8]AngII competition (Gar","antagonist","direct"
"isoflurane","gaba_a","anesthesia","Hapfelmeier 2001 JPET — abstract verbatim ""maximum increase ","","DEFERRED(phenotypic)"
"isradipine","cav1_2","antagonist","Lee 1984 verbatim: ""Kd values are 35 and 64 pM for the cereb","antagonist","direct"
"ixekizumab","il17a","neutralizer","Liu et al 2016 (PMID:27143947, PMC4846058) IS the ixekizumab","neutralizer","direct"
"ketamine","nmda","anesthesia","Øye 1992 — abstract verbatim ""(S)-ketamine (Ki 0.3 µM) was f","","DEFERRED(phenotypic)"
"ketoprofen","cox_1","antiinflammatory","Warner 1999 human whole-blood assay (PNAS, PMC22126 Table 1)","","DEFERRED(phenotypic)"
"ketoprofen","cox_2","antiinflammatory","Warner 1999 WBA: ketoprofen COX-2 IC50 2.9 µM. ec50 = 2.9 µM","","DEFERRED(phenotypic)"
"labetalol","beta_1","antagonist","Baker 2005 (PMC1576008) Table 1 verbatim: labetalol human β1","antagonist","direct"
"labetalol","alpha_1","antagonist","Proudman, Pupo & Baker 2020 (PMID:32608144, PMC7327383, Phar","antagonist","direct"
"labetalol","beta_2","partial-agonist","GtoPdb-curated human β2-adrenoceptor binding: pKi 7.96 (Ki 1","partial_agonist","direct"
"lamotrigine","nav","seizure_control","Xie, Lancaster, Peakman & Garthwaite 1995 (PMID:7491269, Pfl","","DEFERRED(phenotypic)"
"lemborexant","orexin_1","antagonist","GtoPdb-curated human OX1 (HCRTR1) binding: pKi 8.6 (Ki 2.51 ","antagonist","direct"
"lemborexant","orexin_2","antagonist","GtoPdb-curated human OX2 (HCRTR2) binding: pKi 9.3 (Ki 0.5 n","antagonist","direct"
"letrozole","aromatase","inhibitor","Bhatnagar 1990 verbatim: ""CGS 20267 ... potently inhibits ar","inhibitor","direct"
"lidocaine","nav","na_channel_block","Bräu 1998 verbatim: ""IC50 ... lidocaine 204 microM"". Xenopus","blocker","direct"
"linagliptin","dpp4","inhibitor","Thomas 2008 verbatim: ""BI 1356 inhibited DPP-4 activity in v","inhibitor","direct"
"loperamide","mu_opioid","agonist","verbatim: ""Loperamide exhibited potent affinity and selectiv","agonist","direct"
"lorazepam","gaba_a_bzd","sedation","Citation swapped from the comparator paper (Braestrup 1980, ","","DEFERRED(phenotypic)"
"losartan","at1","antagonist","Vanderheyden et al. 1999 (Br J Pharmacol 126:1057-65) charac","antagonist","direct"
"lsd","5-HT2A","","In-model primary target 5-HT2A (full agonist per GtoPdb; a m","","DEFERRED(phenotypic)"
"lurasidone","dopamine_d2","antagonist","Per IUPHAR/GtoPdb (Ki 1.68 nM, species rat per GtoPdb — cf. ","antagonist","direct"
"lurasidone","5-HT2A","antagonist","Per IUPHAR/GtoPdb (Ki 2.03 nM, species rat per GtoPdb); prim","antagonist","direct"
"lurasidone","5-HT7","antagonist","GtoPdb-curated human 5-HT7 binding: pKi 9.31 (Ki 0.495 nM), ","antagonist","direct"
"melatonin","mt1","circadian","Browning et al. 2000 (Br J Pharmacol 129:877-86) first chara","","DEFERRED(phenotypic)"
"melatonin","mt2","circadian","Browning et al. 2000 (Br J Pharmacol 129:877-86), [3H]-melat","","DEFERRED(phenotypic)"
"meloxicam","cox_1","antiinflammatory","Blain 2002 Table 1 (PMC1874310, human whole-blood assay) ver","","DEFERRED(phenotypic)"
"meloxicam","cox_2","antiinflammatory","Blain 2002 Table 1 (PMC1874310, human whole-blood assay) ver","","DEFERRED(phenotypic)"
"methadone","mu_opioid","analgesia","Kristensen 1995 Life Sci — abstract verbatim ""R-methadone ha","","DEFERRED(phenotypic)"
"methylphenidate","dat","dopamine_reuptake_inhibition","Han & Gu 2006 (BMC Pharmacol 6:6) systematically compared 5 ","inhibitor","direct"
"methylphenidate","net","norepinephrine_reuptake_inhibition","Han & Gu 2006 (BMC Pharmacol 6:6), human NET KI (uptake inhi","inhibitor","direct"
"metoclopramide","dopamine_d2","antagonist","verbatim: ""metoclopramide (dopamine D(2) receptor; 23.3 nM v","antagonist","direct"
"metoclopramide","5ht3","antagonist","Human 5-HT3A receptor (recombinant h5-HT3R-As stably express","antagonist","direct"
"metoprolol","beta_1","antagonist","Nakamura 2000 (Pharmacology) verbatim: pKi values ""to beta(1","antagonist","direct"
"midazolam","gaba_a_bzd","sedation","Videbaek 1993 — abstract verbatim ""Kd … for midazolam, 73, 7","","DEFERRED(phenotypic)"
"mifepristone","glucocorticoid","antagonist","GtoPdb-curated human GR (NR3C1) binding: pKd 9.4 (Kd 0.40 nM","antagonist","direct"
"mifepristone","progesterone_receptor","antagonist","Human progesterone receptor (native PR, IK-90 human endometr","antagonist","direct"
"mirtazapine","alpha_2a","antagonist","Per IUPHAR/GtoPdb (human α2A, pKi range 6.8–7.1 → geometric-","antagonist","direct"
"mirtazapine","5-HT2A","antagonist","Cloned human 5-HT2A receptor; mirtazapine is the SUBJECT. Bi","antagonist","direct"
"mirtazapine","5-HT2C","antagonist","Re-cited from the comparator med-chem paper Fernandez 2005 (","antagonist","direct"
"misoprostol","ep3","agonist","verbatim: ""misoprostol = 124 +/- 15 nM"" at EP3 ([3H]-PGE2 co","agonist","direct"
"modafinil","dat","wakefulness","Wild-type human dopamine transporter (hDAT) stably expressed","","DEFERRED(phenotypic)"
"montelukast","cyslt1","antagonist","Jones 1995 verbatim: ""potent and selective inhibitor of [3H]","antagonist","direct"
"morphine","mu_opioid","analgesia","Chen et al. 1991 (Life Sci 48:2165; PMID:1851921) - morphine","","DEFERRED(phenotypic)"
"morphine","kappa_opioid","partial-agonist","GtoPdb-curated human κ-opioid binding: pKi 7.3 (Ki 50 nM), p","partial_agonist","direct"
"morphine","delta_opioid","agonist","GtoPdb-curated human δ-opioid binding: pKi 6.9 (Ki 126 nM), ","agonist","direct"
"nabumetone","cox_1","antiinflammatory","Warner 1999 WBA values are for the ACTIVE 6-MNA: COX-1 IC50 ","","DEFERRED(phenotypic)"
"nabumetone","cox_2","antiinflammatory","Warner 1999 WBA: 6-MNA COX-2 IC50 146 µM (weak; mild COX-2 p","","DEFERRED(phenotypic)"
"nadolol","beta_1","antagonist","Baker 2005 (PMC1576008) Table 1 verbatim: nadolol human β1 l","antagonist","direct"
"nalbuphine","mu_opioid","partial-agonist","De Souza 1988 (JPET) verbatim: ""In displacement studies in r","partial_agonist","direct"
"nalbuphine","kappa_opioid","agonist","De Souza 1988 verbatim: ""kappa (29 nM) ... opioid receptors""","agonist","direct"
"nalbuphine","delta_opioid","partial-agonist","De Souza, Schmidt & Kuhar 1988 (J Pharmacol Exp Ther 244:391","partial_agonist","direct"
"naloxone","mu_opioid","mu_opioid_blockade","Beigi & Wainer 2003 Anal Chem — abstract verbatim ""calculate","antagonist","direct"
"naloxone","kappa_opioid","antagonist","GtoPdb-curated human κ-opioid binding: pKi range 7.6–8.6 (PM","antagonist","direct"
"naloxone","delta_opioid","antagonist","GtoPdb-curated human δ-opioid binding: pKi 7.2 (Ki 63 nM), a","antagonist","direct"
"naproxen","cox_1","antiinflammatory","Hinz 2008 verbatim: ""ex vivo IC50 values of 35.48 micromol/l","","DEFERRED(phenotypic)"
"naproxen","cox_2","antiinflammatory","Hinz 2008 verbatim: ""ex vivo IC50 values of 35.48 micromol/l","","DEFERRED(phenotypic)"
"nebivolol","beta_1","antagonist","Van de Water 1988 verbatim: ""Nebivolol revealed high affinit","antagonist","direct"
"nicardipine","cav1_2","antagonist","Nishikawa 1998 verbatim: ""12.3 +/- 4.5 and 3.9 +/- 1.0 nmol/","antagonist","direct"
"nicotine","nachr_a4b2","agonist","Sabey 1999 verbatim: ""[3H]nicotine ... single class of high-","agonist","direct"
"nifedipine","cav1_2","antagonist","Goll 1986 verbatim: ""(+/-)-nitrendipine was the most potent ","antagonist","direct"
"nilotinib","bcr_abl","inhibitor","Weisberg 2005 verbatim: ""a novel selective inhibitor of Bcr-","inhibitor","direct"
"nimodipine","cav1_2","antagonist","Bellemann 1983 verbatim: ""The equilibrium dissociation const","antagonist","direct"
"nivolumab","pd_1","antagonist","Tan et al. 2017 (Nat Commun 8:14369; PMID:28165004) - nivolu","antagonist","direct"
"olanzapine","dopamine_d2","antagonist","Bymaster et al. 1996 (Neuropsychopharmacology 14:87; PMID:88","antagonist","direct"
"olanzapine","5-HT2A","antagonist","PMC3485633 Table 1 verbatim: olanzapine 5HT2A ""4.22 ± 0.77"" ","antagonist","direct"
"olanzapine","H1","antagonist","PMC3485633 Table 1 verbatim: olanzapine H1 ""0.13 ± 0.02"" nM.","antagonist","direct"
"olanzapine","5-HT2C","antagonist","GtoPdb-curated human 5-HT2C binding: pKi range 8.1–8.4 (PMID","antagonist","direct"
"olmesartan","at1","antagonist","verbatim: ""RNH-6270 inhibited [125I]angiotensin II binding t","antagonist","direct"
"omalizumab","ige","neutralizer","Gasser 2020 (PMC6949303) Table 1: omalizumab IgG SPR KD to f","neutralizer","direct"
"ondansetron","5ht3","antagonist","Corrected: stored 0.000138 mg/L (Ki 0.47 nM, pKi ~9.3) came ","antagonist","direct"
"oxybutynin","muscarinic","parasympatholysis","Human muscarinic (M3) affinity for oxybutynin. Citation swap","","DEFERRED(phenotypic)"
"oxycodone","mu_opioid","","Human receptor. Volpe DA et al. 2011, Regul Toxicol Pharmaco","","DEFERRED(phenotypic)"
"paliperidone","dopamine_d2","antagonist","Schotte 1996 human cloned receptors: 9-OH-risperidone (= pal","antagonist","direct"
"paliperidone","5-HT2A","antagonist","Schotte 1996: paliperidone 5-HT2A Ki ≈ 0.25 nM. ec50 = 0.25 ","antagonist","direct"
"palonosetron","5ht3","antagonist","Hothersall 2013 (PMID:23581504, full-text Results): palonose","antagonist","direct"
"paroxetine","SERT","serotonin_reuptake_inhibition","Nevels 2016 (PMC5044489) Table 1: paroxetine SERT 0.13 nM (""","inhibitor","direct"
"pembrolizumab","pd_1","antagonist","Hutchins 2020 (Mol Cancer Ther 19:1298) is THE pembrolizumab","antagonist","direct"
"pindolol","5-HT1A","partial-agonist","Newman-Tancredi 1998 verbatim: ""(-)pindolol exhibits nanomol","partial_agonist","direct"
"piroxicam","cox_1","antiinflammatory","Warner 1999 WBA: piroxicam COX-1 IC50 2.4 µM. ec50 = 2.4 µM ","","DEFERRED(phenotypic)"
"piroxicam","cox_2","antiinflammatory","Warner 1999 WBA: piroxicam COX-2 IC50 7.9 µM. ec50 = 7.9 µM ","","DEFERRED(phenotypic)"
"prazosin","alpha_1","antagonist","Ford 1998 verbatim: ""its affinity for alpha1-adrenoceptors i","antagonist","direct"
"prednisolone","glucocorticoid","agonist","verbatim: ""prednisolone (P) for glucocorticoid receptor affi","agonist","direct"
"pregabalin","cav_alpha2delta","antinociception","α2δ ligand binding; abstract verbatim ""Gabapentin (Ki = 120 ","","DEFERRED(phenotypic)"
"progesterone","progesterone_receptor","agonist","GtoPdb-curated human PR (PGR) binding: pKi 8.46 (Ki 3.5 nM),","agonist","direct"
"promethazine","H1","antagonist","Nakai 1991 (Biol Psychiatry) verbatim: ""Specific H1 antagoni","antagonist","direct"
"propofol","gaba_a","anesthesia","Krasowski 1998 — abstract verbatim ""calculated EC50 values w","","DEFERRED(phenotypic)"
"propranolol","beta_2","antagonist","Per IUPHAR/GtoPdb (human β2, pKi range 9.2–9.5 across 4 refs","antagonist","direct"
"quetiapine","dopamine_d2","antagonist","Citation swapped from the review Arnt & Skarsfeldt 1998 (PMI","antagonist","direct"
"quetiapine","5-HT2A","antagonist","Per IUPHAR/GtoPdb (human 5-HT2A, pKi range 6.4–7.0 → midpoin","antagonist","direct"
"quetiapine","H1","antagonist","GtoPdb-curated human H1 binding: pKi range 8.0–8.7 (PMID:893","antagonist","direct"
"quinidine","herg","ikr_block_qt","HEK293 stably expressing HERG, whole-cell voltage clamp 37°C","blocker","direct"
"quinidine","nav1_5","ina_block_class_ia","Human atrial myocytes, native Nav1.5 (Chi 1997); abstract ve","blocker","direct"
"quinine","herg","ikr_block_qt","HERG in Xenopus oocytes, two-electrode VC (Sánchez-Chapula 2","blocker","direct"
"ramelteon","mt1","agonist","Kato 2005 verbatim: ""very high affinity for human MT1 (Mel1a","agonist","direct"
"ramelteon","mt2","agonist","Kato 2005 verbatim (same quote): human MT2 Kᵢ 112 pM, CHO. e","agonist","direct"
"ranitidine","H2","antagonist","Agut 1997 verbatim: ""ranitidine (Ki: 190.0 nmol/l)"" by [3H]-","antagonist","direct"
"remifentanil","mu_opioid","analgesia","James 1991 JPET — abstract verbatim ""GI 87084B…(EC50 = 2.4 ±","","DEFERRED(phenotypic)"
"retatrutide","glp_1r","incretin","Coskun 2022 (Cell Metab 34:1234; PMID:35985340) IS the corre","","DEFERRED(phenotypic)"
"retatrutide","gipr","incretin","Coskun 2022 (PMID:35985340), the retatrutide (LY3437943) dis","","DEFERRED(phenotypic)"
"retatrutide","gcgr","glucagon","Coskun 2022 (PMID:35985340) is the LY3437943/retatrutide dis","","DEFERRED(phenotypic)"
"risankizumab","il23_p19","neutralizer","Zhou 2021 verbatim: risankizumab scIL-23 SPR KD 21 pM (origi","neutralizer","direct"
"risperidone","5-HT2A","antagonist","Leysen 1994 verbatim: ""their highest affinity was for 5-HT2A","antagonist","direct"
"risperidone","dopamine_d2","antagonist","Stored 0.44 nM (0.000181 mg/L) is a reference-less GtoPdb ag","antagonist","direct"
"risperidone","H1","antagonist","GtoPdb-curated human H1 binding: pKi range 7.6–7.8 (PMID:893","antagonist","direct"
"risperidone","alpha_1","antagonist","GtoPdb-curated human α1A-adrenoceptor binding: pKi range 8.4","antagonist","direct"
"rivaroxaban","factor_xa","inhibitor","Perzborn 2005 verbatim: ""BAY 59-7939 competitively inhibits ","inhibitor","direct"
"rocuronium","nachr_muscle","neuromuscular_blockade","Innervated mouse muscle nAChR whole-cell vs 30 µM ACh; abstr","antagonist","direct"
"roflumilast","pde4","inhibitor","Hatzelmann 2001 verbatim: ""It inhibits PDE4 activity from hu","inhibitor","direct"
"ropivacaine","nav","local_anesthesia","Rat dorsal-horn neurons, Vh -80 mV; abstract verbatim ""IC(50","","DEFERRED(phenotypic)"
"rosuvastatin","hmgcr","inhibitor","Holdgate 2003 verbatim: ""an initial complex [inhibition cons","inhibitor","direct"
"saxagliptin","dpp4","inhibitor","Wang 2012 verbatim: ""Saxagliptin and its active metabolite (","inhibitor","direct"
"scopolamine","muscarinic","parasympatholysis","Per IUPHAR/GtoPdb (human M3, pKi 9.4 → Ki 0.40 nM); primary ","","DEFERRED(phenotypic)"
"secukinumab","il17a","neutralizer","Genuine secukinumab-subject paper = Kolbinger 2022 (PMID:341","neutralizer","direct"
"semaglutide","glp_1r","agonist","Lau 2015 verbatim: ""The GLP-1R affinity of semaglutide (0.38","agonist","direct"
"sertraline","SERT","serotonin_reuptake_inhibition","Genuine subject-primary = Tatsumi 1997 (PMID:9537821, Eur J ","inhibitor","direct"
"sevoflurane","gaba_a","anesthesia","Lecker 2013 Br J Anaesth — abstract verbatim ""sevoflurane EC","","DEFERRED(phenotypic)"
"sildenafil","pde5","inhibitor","Ballard 1998 verbatim: ""sildenafil ... inhibiting PDE5 from ","inhibitor","direct"
"sitagliptin","dpp4","inhibitor","Kim 2005 verbatim: ""a potent, orally active DPP-IV inhibitor","inhibitor","direct"
"sodium-oxybate","gaba_b","","Lingenhoehl K et al., Neuropharmacology 1999;38(11):1667-73 ","","DEFERRED(phenotypic)"
"sotalol","beta_1","antagonist","Per IUPHAR/GtoPdb (human β1, pKi range 5.8–6.1 → midpoint 5.","antagonist","direct"
"sotalol","beta_2","antagonist","Per IUPHAR/GtoPdb (human β2, pKi range 6.5–6.9 → midpoint 6.","antagonist","direct"
"spironolactone","mineralocorticoid","antagonist","Arai 2015 verbatim: ""spironolactone and eplerenone, whose IC","antagonist","direct"
"succinylcholine","nachr_muscle","neuromuscular_block","Xenopus oocytes expressing human muscle-type nAChR mRNA (Jon","antagonist","direct"
"sufentanil","mu_opioid","analgesia","Volpe 2011 Reg Toxicol Pharmacol — abstract verbatim ""K(i) v","","DEFERRED(phenotypic)"
"sulindac","cox_2","antiinflammatory","Warner 1999 WBA: sulindac sulfide COX-2 IC50 55 µM. ec50 = 5","","DEFERRED(phenotypic)"
"sumatriptan","5-HT1B","agonist","Veldman 1992 verbatim: ""high affinity for the 5-HT1D-selecti","agonist","direct"
"sumatriptan","5-HT1D","agonist","Napier 1999 (Eur J Pharmacol) verbatim: ""[3H]eletriptan had ","agonist","direct"
"suvorexant","orexin_1","antagonist","Cox 2010 is the MK-4305/suvorexant discovery paper (suvorexa","antagonist","direct"
"suvorexant","orexin_2","antagonist","Cox 2010 (MK-4305/suvorexant discovery; suvorexant is the su","antagonist","direct"
"tadalafil","pde5","inhibitor","Wang 2013 verbatim: ""The IC50 of TPN729MA, sildenafil, and t","inhibitor","direct"
"tamsulosin","alpha_1a","antagonist","Kuo 2000 verbatim: ""tamsulosin (Ki = 0.13 nM, alpha1b/alpha1","antagonist","direct"
"tapentadol","mu_opioid","agonist","Tzschentke 2007 verbatim: ""novel micro-opioid receptor (MOR)","agonist","direct"
"tasimelteon","mt1","","Lavedan, Forsberg & Gentile 2015 (Neuropharmacology 91:142-7","","DEFERRED(phenotypic)"
"tasimelteon","mt2","","Lavedan, Forsberg & Gentile 2015 (Neuropharmacology 91:142-7","","DEFERRED(phenotypic)"
"taurine","glycine_receptor","glycine","","","DEFERRED(phenotypic)"
"telmisartan","at1","angiotensin_blockade","Rat AT1 receptor radioligand binding (Wienen 1993); abstract","antagonist","direct"
"terazosin","alpha_1","bph_lower_uts","Recombinant α1 subtypes; abstract verbatim ""Ki value; alpha ","","DEFERRED(phenotypic)"
"thc","cb1","agonist","McPartland 2007 verbatim: ""mean Ki values for delta 9-tetrah","agonist","direct"
"thc","cb2","agonist","Rosenthaler 2014 verbatim: ""Ki values to CB2 range from 8.5 ","agonist","direct"
"thiopental","gaba_a","anesthesia","Xenopus α1β2γ2 GABA potentiation; abstract verbatim ""rac-thi","","DEFERRED(phenotypic)"
"tiagabine","gat1","gaba_uptake_inhibition","Rat forebrain synaptosomes, [3H]GABA uptake inhibition (Brae","inhibitor","direct"
"ticagrelor","p2y12","antagonist","van Giezen 2009 verbatim: ""binds competitively with [(33)P]2","antagonist","direct"
"tiotropium","muscarinic","parasympatholysis","Fixes a secondary_citation: the prior PMID:19653626 is the a","","DEFERRED(phenotypic)"
"tirzepatide","gipr","agonist","Coskun 2018 (PMC6308032): tirzepatide (LY3298176) GIPR Ki 0.","agonist","direct"
"tirzepatide","glp_1r","agonist","Coskun 2018 (PMC6308032): tirzepatide GLP-1R Ki 4.23 nM (bin","agonist","direct"
"tizanidine","alpha_2a","agonist","Per IUPHAR/GtoPdb (human α2A, pKi 6.0 → Ki 1000 nM, binding)","agonist","direct"
"tofacitinib","jak1","inhibitor","Meyer 2010 (PMC2928212) Table 1: tofacitinib (CP-690,550) JA","inhibitor","direct"
"tolterodine","muscarinic","parasympatholysis","Nilvebrant 1997 (PMID:9200560) abstract verbatim: tolterodin","","DEFERRED(phenotypic)"
"topiramate","carbonic_anhydrase","inhibitor","Dodgson 2000 verbatim: ""Topiramate Ki values for HCA I, HCA ","inhibitor","direct"
"tramadol","mu_opioid","analgesia","Cloned hMOR, [3H]naloxone competition CHO membranes; abstrac","","DEFERRED(phenotypic)"
"trazodone","5-HT2A","antagonist","Per IUPHAR/GtoPdb (human 5-HT2A, pKi 7.4 → Ki 39.8 nM); prim","antagonist","direct"
"trazodone","5-HT2C","antagonist","GtoPdb-curated human 5-HT2C binding: pKi 6.6 (Ki 251 nM), an","antagonist","direct"
"triamcinolone","glucocorticoid","agonist","GtoPdb-curated human GR (NR3C1) binding: pIC50 7.7 (IC50 20 ","agonist","direct"
"triazolam","gaba_a_bzd","sedation_anxiolytic","Mouse brain BZ site, [3H]flunitrazepam displacement (Fahey 1","","DEFERRED(phenotypic)"
"ustekinumab","il12_23_p40","neutralizer","Zhou 2021 verbatim: ""ustekinumab ... mean KDs of ... 106 pM""","neutralizer","direct"
"valsartan","at1","antagonist","Criscione 1993 verbatim: ""Valsartan competed with [125I]-AII","antagonist","direct"
"vardenafil","pde5","inhibitor","Saenz de Tejada 2001 verbatim: ""Vardenafil specifically inhi","inhibitor","direct"
"varenicline","nachr_a4b2","partial-agonist","Bordia 2012 verbatim: ""varenicline inhibited α6β2* nAChR bin","partial_agonist","direct"
"vecuronium","nachr_muscle","neuromuscular_blockade","Same Liu 2010 paper; abstract verbatim ""VEC: from 11.2 to 39","antagonist","direct"
"venlafaxine","SERT","serotonin_reuptake_inhibition","Bymaster 2001 verbatim: ""Venlafaxine inhibited binding to th","inhibitor","direct"
"venlafaxine","net","norepinephrine_reuptake_inhibition","Tatsumi et al. 1997 (Eur J Pharmacol 340:249-258), radioliga","inhibitor","direct"
"vortioxetine","SERT","serotonin_reuptake_inhibition","Bang-Andersen 2011 verbatim: ""Lu AA21004 ... high affinity f","inhibitor","direct"
"vortioxetine","5-HT1A","partial-agonist","GtoPdb-curated human 5-HT1A binding: pKi 7.82 (Ki 15 nM), pa","partial_agonist","direct"
"vortioxetine","5-HT1B","partial-agonist","GtoPdb-curated human 5-HT1B binding: pKi 7.48 (Ki 33 nM), pa","partial_agonist","direct"
"vortioxetine","5-HT7","antagonist","Bang-Andersen 2011 (PMID:21486038) abstract verbatim: 5-HT(7","antagonist","direct"
"yohimbine","alpha_2a","antagonist","Proudman, Akinaga & Baker 2022 (Pharmacol Res Perspect 10:e0","antagonist","direct"
"zaleplon","gaba_a_bzd","sedation_anxiolytic","Rat hippocampal membranes, [3H]flunitrazepam displacement (N","","DEFERRED(phenotypic)"
"ziprasidone","dopamine_d2","antagonist","Schmidt, Lebel, Howard & Zorn 2001 (Eur J Pharmacol 425:197-","antagonist","direct"
"ziprasidone","5-HT2A","antagonist","Per IUPHAR/GtoPdb (human 5-HT2A, pKi 8.8–9.5 range → geometr","antagonist","direct"
"ziprasidone","5-HT1A","partial-agonist","GtoPdb-curated human 5-HT1A binding: pKi range 7.9–8.9 (PMID","partial_agonist","direct"
"ziprasidone","5-HT2C","antagonist","GtoPdb-curated human 5-HT2C binding: pKi range 7.9–9.01 (PMI","antagonist","direct"
"ziprasidone","H1","antagonist","GtoPdb-curated human H1 binding: pKi range 7.4–7.8 (PMID:893","antagonist","direct"
"zolpidem","gaba_a_bzd","sedation","Araujo 1999 verbatim: high-affinity site ""25.0 +/- 7.0 nM ..","","DEFERRED(phenotypic)"
"zonisamide","carbonic_anhydrase","inhibitor","De Simone 2005 verbatim: under classical 15-min CO2-hydrase ","inhibitor","direct"
"zopiclone","gaba_a_bzd","sedation_anxiolytic","Blanchard 1982 verbatim: ""its Ki values measured against [3H","","DEFERRED(phenotypic)"
"pramipexole","dopamine_d3","agonist","GtoPdb-curated human D3 binding: pKi range 8.4–8.7 (PMID:775","agonist","direct"
"ropinirole","dopamine_d2","agonist","Coldwell et al. 1999 (Br J Pharmacol 127:1696-1702), functio","agonist","direct"
"ropinirole","dopamine_d3","agonist","Coldwell et al. 1999 (Br J Pharmacol 127:1696-1702), functio","agonist","direct"
"solifenacin","muscarinic","antagonist","GtoPdb-curated human M3 (CHRM3) binding: pKi range 7.7–8.0 (","antagonist","direct"
"pitolisant","H3","antagonist","Ligneau et al. 2007 (PMID:17005916), primary preclinical cha","antagonist","direct"
"prucalopride","5-HT4","agonist","Re-sourced from splice-variant cloning paper (PMID:10646498,","agonist","direct"
"zolmitriptan","5-HT1D","agonist","Human recombinant 5-HT1D (CHO-K1 membranes) pIC50 = 9.16 +/-","agonist","direct"
"zolmitriptan","5-HT1B","partial-agonist","GtoPdb-curated human 5-HT1B binding: pKi 7.7 (Ki 20 nM), par","partial_agonist","direct"
"zolmitriptan","5-HT1F","agonist","Subject-primary: Martin GR, Robertson AD, MacLennan SJ, et a","agonist","direct"
"trenbolone","androgen_receptor","anabolic","Wilson 2002 (PMID:12441365) verbatim: ""TB was a high affinit","","DEFERRED(phenotypic)"
"cbn","cb2","agonist","Showalter 1996 (PMID:8819477) verbatim: ""The affinity of can","agonist","direct"
"psilocin","5-HT2A","psychedelic","Erkizia-Santamaría 2022 (PMID:36049313) verbatim: ""Psilocin ","","DEFERRED(phenotypic)"
"tianeptine","mu_opioid","analgesia","Gassaway 2014 (PMID:25026323) verbatim: human MOR ""EC(50 Hum","","DEFERRED(phenotypic)"
"tianeptine","delta_opioid","opioid","Gassaway 2014 (PMID:25026323) verbatim: ""full δ-opioid recep","","DEFERRED(phenotypic)"
"s23","androgen_receptor","anabolic","Jones 2009 (PMID:18772237) verbatim: ""S-23 showed high bindi","","DEFERRED(phenotypic)"
"mdpv","dat","dopamine_reuptake_inhibition","Baumann 2013 (PMID:23072836) verbatim: ""MDPV blocks uptake o","inhibitor","direct"
"mdpv","net","norepinephrine_reuptake_inhibition","Baumann 2013 (PMID:23072836) verbatim: ""[3H]norepinephrine (","inhibitor","direct"
"mdpv","SERT","serotonin_reuptake_inhibition","Baumann 2013 (PMID:23072836) verbatim: MDPV ""weak effects on","inhibitor","direct"
"rauwolscine","alpha_2a","antagonist","Re-sourced to Proudman RGW, Akinaga J, Baker JG (2022) Pharm","antagonist","direct"
"rauwolscine","alpha_2b","antagonist","Replaces the GtoPdb comparator value (pKi 8.3 / Ki 5.01 nM) ","antagonist","direct"
"rauwolscine","alpha_2c","antagonist","Replaces the GtoPdb comparator value (pKi 9.1 / Ki 0.79 nM) ","antagonist","direct"
"rauwolscine","5-HT2B","antagonist","GtoPdb-curated human 5-HT2B antagonist pKi 7.8–8.4 (midpoint","antagonist","direct"
